Title,Author,Outlet,URL
Ryan Routh charged with attempted assassination of Donald Trump - BBC.com,,BBC News,https://www.bbc.com/news/articles/c5y5l9jzjglo
Inside the break between the US and Israel over how to handle Hezbollah - POLITICO,POLITICO,Politico,https://www.politico.com/news/2024/09/24/us-israel-hezbollah-diplomacy-00180860
Every Reveal from Sony State of Play September 2024 in 9 Minutes - IGN,,YouTube,https://www.youtube.com/
Giants rookie WR Malik Nabers 'having a lot of fun' in sensational start: 'Dream come true' - NFL.com,,NFL News,https://www.nfl.com/news/giants-rookie-wr-malik-nabers-having-a-lot-of-fun-in-sensational-start-dream-come-true
Marcellus Williams executed by lethal injection in Missouri after SCOTUS denied appeals - ABC News,ABC News,ABC News,https://abcnews.go.com/US/marcellus-williams-executed-lethal-injection-missouri-after-scotus/story?id\\u003d114025574
Trump vows to 'take other countries' jobs' in economic speech - BBC.com,,BBC News,https://www.bbc.com/news/articles/cly3qnrpvg9o
"Israel bombards Hezbollah, killing a top commander, while families flee southern Lebanon - The Associated Press","ABBY SEWELL, NATALIE MELZER",Associated Press,https://apnews.com/article/israel-lebanon-hezbollah-gaza-news-09-24-2024-640a0046aceea1b5cfb395a54ff36bce
How John suddenly exploded into a Category 3 hurricane before striking Mexico’s coast - The Washington Post,Dan Stillman,The Washington Post,https://www.washingtonpost.com/weather/2024/09/24/hurricane-john-pacific-mexico-rapid-intensification/
[Removed],,[Removed],https://removed.com
DOJ's Visa antitrust lawsuit alleges debit card company monopoly - USA TODAY,Bailey Schulz,USA Today,https://www.usatoday.com/story/money/2024/09/24/visa-monopoly-doj-antitrust/75367978007/
"Multiple people arrested for assisting a suicide in a 'suicide pod,' police say - WKRC TV Cincinnati",WKRC,WKRC TV Cincinnati,https://local12.com/news/nation-world/suicide-pod-sarco-arrest-capsule-aiding-assisting-kill-self-switzerland-police-crime-self-deceased-body-induced-willing-euthanasia-commit-legal
[Removed],,[Removed],https://removed.com
World leaders voice frustration at Israel and the US as violence mounts in Middle East - POLITICO,POLITICO,Politico,https://www.politico.com/news/2024/09/24/middle-east-violence-un-00180823
Evacuations begin in Florida as the state faces a major hurricane strike from Helene - CNN,"Mary Gilbert, Susannah Cullinane",CNN,https://www.cnn.com/2024/09/24/weather/helene-florida-storm-preparations/index.html
Whoopi Goldberg Reacts To Janet Jackson Echoing False Claims About Kamala Harris' Race - HuffPost,Kimberley Richards,HuffPost,https://www.huffpost.com/entry/whoopi-goldberg-reacts-janet-jackson-kamala-harris-race-the-view_n_66f2f52ae4b0d045756319dc
"Obesity rates in US not growing for first time in a decade, but there might be a worse problem: CDC - New York Post ",Fox News,New York Post,https://nypost.com/2024/09/24/lifestyle/obesity-rates-in-us-not-growing-for-first-time-in-a-decade-but-severe-obesity-on-the-rise-cdc/
Traders Boost Fed Bets With November Cut Size Seen as a Toss-Up - Bloomberg,"Edward Bolingbroke, Anya Andrianova",Bloomberg,https://www.bloomberg.com/news/articles/2024-09-24/traders-boost-fed-bets-with-november-cut-size-seen-as-a-tossup
"FTX fraudster Caroline Ellison sentenced to 2 years in prison, ordered to forfeit $11 billion - CNBC","MacKenzie Sigalos, Dan Mangan, Dawn Giel",CNBC,https://www.cnbc.com/2024/09/24/sam-bankman-fried-caroline-ellison-sentenced-ftx-.html
‘Monsters: The Lyle and Erik Menendez Story’ Tops Netflix Charts In Debut Weekend But Can’t Beat ‘Dahmer’ - Deadline,Katie Campione,Deadline,http://deadline.com/2024/09/monsters-lyle-and-erik-menendez-story-tops-netflix-charts-debut-weekend-dahmer-1236098319/
This could be the closest presidential election since 1876 - ABC News,ABC News,ABC News,https://abcnews.go.com/538/closest-presidential-election-1876/story?id\\u003d113956232
